precision,recall
0.248898,1.000000
0.248898,1.000000
0.248898,1.000000
0.248898,1.000000
0.248898,1.000000
0.248898,1.000000
0.248898,1.000000
0.248898,1.000000
0.248898,1.000000
0.248898,1.000000
0.248898,1.000000
0.248898,1.000000
0.248898,1.000000
0.248898,1.000000
0.248898,1.000000
0.248898,1.000000
0.248898,1.000000
0.248898,1.000000
0.248898,1.000000
0.248898,1.000000
0.248898,1.000000
0.248898,1.000000
0.248898,1.000000
0.248898,1.000000
0.248898,1.000000
0.248898,1.000000
0.248898,1.000000
0.248898,1.000000
0.248898,1.000000
0.248898,1.000000
0.248898,1.000000
0.248898,1.000000
0.249020,1.000000
0.249142,1.000000
0.249142,1.000000
0.249142,1.000000
0.249142,1.000000
0.249142,1.000000
0.249142,1.000000
0.249631,1.000000
0.249631,1.000000
0.250246,1.000000
0.250740,1.000000
0.251734,1.000000
0.252374,0.994094
0.253528,0.990157
0.264131,0.984252
0.284457,0.954724
0.353736,0.875984
0.410761,0.616142
0.555556,0.275591
0.676471,0.135827
0.830986,0.116142
0.864407,0.100394
0.886792,0.092520
0.891304,0.080709
0.897436,0.068898
0.925926,0.049213
1.000000,0.031496
1.000000,0.019685
1.000000,0.015748
1.000000,0.009843
1.000000,0.003937
1.000000,0.003937
1.000000,0.000000
1.000000,0.000000
1.000000,0.000000
1.000000,0.000000
1.000000,0.000000
1.000000,0.000000
1.000000,0.000000
1.000000,0.000000
1.000000,0.000000
1.000000,0.000000
1.000000,0.000000
1.000000,0.000000
1.000000,0.000000
1.000000,0.000000
1.000000,0.000000
1.000000,0.000000
1.000000,0.000000
1.000000,0.000000
1.000000,0.000000
1.000000,0.000000
1.000000,0.000000
1.000000,0.000000
1.000000,0.000000
1.000000,0.000000
1.000000,0.000000
1.000000,0.000000
1.000000,0.000000
1.000000,0.000000
1.000000,0.000000
1.000000,0.000000
1.000000,0.000000
1.000000,0.000000
1.000000,0.000000
1.000000,0.000000
1.000000,0.000000
1.000000,0.000000
1.000000,0.000000