fpr,tpr
1.000000,1.000000
1.000000,1.000000
1.000000,1.000000
1.000000,1.000000
1.000000,1.000000
1.000000,1.000000
1.000000,1.000000
1.000000,1.000000
1.000000,1.000000
1.000000,1.000000
1.000000,1.000000
1.000000,1.000000
1.000000,1.000000
1.000000,1.000000
1.000000,1.000000
1.000000,1.000000
1.000000,1.000000
1.000000,1.000000
1.000000,1.000000
1.000000,1.000000
1.000000,1.000000
1.000000,1.000000
1.000000,1.000000
1.000000,1.000000
1.000000,1.000000
1.000000,1.000000
1.000000,1.000000
1.000000,1.000000
1.000000,1.000000
1.000000,1.000000
1.000000,1.000000
1.000000,1.000000
0.999348,1.000000
0.998695,1.000000
0.998695,1.000000
0.998695,1.000000
0.998695,1.000000
0.998695,1.000000
0.998695,1.000000
0.996086,1.000000
0.996086,1.000000
0.992825,1.000000
0.990215,1.000000
0.984997,1.000000
0.975864,0.994094
0.966080,0.990157
0.908676,0.984252
0.795825,0.954724
0.530333,0.875984
0.292890,0.616142
0.073059,0.275591
0.021526,0.135827
0.007828,0.116142
0.005219,0.100394
0.003914,0.092520
0.003262,0.080709
0.002609,0.068898
0.001305,0.049213
0.000000,0.031496
0.000000,0.019685
0.000000,0.015748
0.000000,0.009843
0.000000,0.003937
0.000000,0.003937
0.000000,0.000000
0.000000,0.000000
0.000000,0.000000
0.000000,0.000000
0.000000,0.000000
0.000000,0.000000
0.000000,0.000000
0.000000,0.000000
0.000000,0.000000
0.000000,0.000000
0.000000,0.000000
0.000000,0.000000
0.000000,0.000000
0.000000,0.000000
0.000000,0.000000
0.000000,0.000000
0.000000,0.000000
0.000000,0.000000
0.000000,0.000000
0.000000,0.000000
0.000000,0.000000
0.000000,0.000000
0.000000,0.000000
0.000000,0.000000
0.000000,0.000000
0.000000,0.000000
0.000000,0.000000
0.000000,0.000000
0.000000,0.000000
0.000000,0.000000
0.000000,0.000000
0.000000,0.000000
0.000000,0.000000
0.000000,0.000000
0.000000,0.000000
0.000000,0.000000
0.000000,0.000000